id,user_id,amount,price,qty,fare,distance,value,join_date
1,U103,942.0,38.76003961879801,11.0,449,11,290,2025-05-08
2,U271,-83.0,-4.7386097566483985,,286,99,224,2025-11-03
3,U107,668.0,-5.81759669387996,4.0,430,42,981,2025-01-22
4,U072,489.0,72.08279832300224,17.0,222,13,619,2025-08-04
5,U189,909.0,62.493908762404885,18.0,7,36,429,2025-04-17
6,U021,93.0,78.23436139403462,5.0,277,13,110,2025-04-19
7,U103,401.0,1.5904287348086559,17.0,58,12,972,2025-12-23
8,U122,887.0,-6.087204626089681,5.0,228,37,530,2025-06-30
9,U215,13.0,45.94372183923363,3.0,277,74,582,2025-12-22
10,U088,846.0,32.63547546310465,11.0,264,73,318,2025-06-13
11,U100,730.0,40.81416303380514,18.0,423,52,667,2025-03-09
12,U152,824.0,99.07472497573013,1.0,60,71,948,2025-10-19
13,U131,-46.0,96.78249534377372,16.0,178,2,940,2025-06-29
14,U150,699.0,93.65469286405121,10.0,446,56,519,2025-06-30
15,U258,677.0,76.22269444444412,10.0,105,60,72,2025-06-18
16,U294,61.0,29.032549628257946,15.0,422,23,642,2025-01-22
17,U192,-14.0,35.33440232890487,1.0,221,40,235,2025-03-07
18,U277,-46.0,50.457764809081695,1.0,-49,64,114,2025-01-21
19,U161,931.0,81.3587902045324,7.0,460,85,983,2025-04-10
20,U022,732.0,-2.441588422990546,12.0,235,23,781,2025-10-27
21,U253,212.0,36.67265744733769,9.0,-38,29,870,2025-04-13
22,U236,658.0,-0.9120570194804447,7.0,447,78,434,2025-02-16
23,U049,342.0,46.612334523086275,3.0,187,90,264,2025-02-08
24,U059,227.0,88.87909064068589,14.0,43,51,438,2025-10-12
25,U170,977.0,76.07334170203318,0.0,287,69,443,2025-11-06
26,U188,660.0,,10.0,120,95,216,2025-03-31
27,U271,478.0,97.35899345586716,6.0,416,89,37,2025-03-26
28,U190,974.0,63.40854378510713,16.0,92,31,691,2025-09-30
29,U175,906.0,-8.852953066285663,19.0,150,50,345,2025-12-02
30,U051,-5.0,18.095483315374146,17.0,129,20,597,2025-07-07
31,U055,713.0,18.67846299119082,11.0,313,55,637,2025-06-08
32,U244,390.0,-2.3820263085554068,8.0,428,81,78,2025-08-31
33,U131,351.0,95.58091698835219,4.0,420,2,875,2025-03-14
34,U135,64.0,,9.0,333,25,755,2025-02-18
35,U021,81.0,88.53960571090701,3.0,366,13,522,2025-04-11
36,U167,368.0,25.443705378909115,4.0,257,92,176,2025-01-02
37,U274,809.0,3.775692747610984,9.0,316,70,873,2025-09-01
38,U089,634.0,42.17697208968353,10.0,-50,67,739,2025-06-25
39,U014,722.0,2.535229818574887,9.0,-7,58,794,2025-08-26
40,U242,,43.461705327529394,7.0,47,99,377,2025-02-28
41,U265,-94.0,91.23268993413485,1.0,214,82,260,2025-12-19
42,U053,229.0,47.284495601763396,7.0,89,75,868,2025-04-09
43,U092,674.0,57.81496995845919,15.0,430,84,865,2025-12-25
44,U264,50.0,7.230228067118915,4.0,186,64,940,2025-01-02
45,U035,46.0,-5.1890811532033565,2.0,21,69,695,2025-08-31
46,U206,814.0,2.188875839778774,11.0,139,83,179,2025-10-24
47,U081,599.0,55.83847332528022,12.0,217,86,767,2025-07-30
48,U050,-19.0,0.4512868891535131,12.0,270,59,944,2025-05-03
49,U002,413.0,31.359217893544255,9.0,56,60,99,2025-08-17
50,U054,714.0,50.510113450397164,3.0,181,83,570,2025-03-23
51,U106,608.0,32.751807849283175,8.0,-9,62,455,2025-05-24
52,U260,645.0,8.005218161183162,1.0,88,16,303,2025-05-20
53,U191,922.0,20.11704382655172,18.0,222,88,928,2025-01-29
54,U218,606.0,92.11492861334347,0.0,430,68,159,2025-09-27
55,U044,370.0,64.3580503144991,6.0,365,15,141,2025-09-04
56,U162,295.0,44.56526225478752,16.0,455,89,442,2025-01-12
57,U202,160.0,-8.601362101441714,2.0,373,55,68,2025-12-21
58,U270,704.0,99.16569405384172,19.0,356,35,978,2025-12-03
59,U271,833.0,63.86004283841076,19.0,339,55,845,2025-04-16
60,U215,804.0,24.861472507943944,2.0,291,14,208,2025-02-01
61,U252,976.0,86.71955259976221,2.0,442,49,224,2025-03-15
62,U190,839.0,18.42747823209999,16.0,141,83,907,2025-06-20
63,U296,753.0,49.84182371010267,6.0,448,7,570,2025-12-03
64,U213,492.0,59.96778401028075,13.0,182,30,481,2025-03-10
65,U208,613.0,14.316970859910128,16.0,176,83,753,2025-10-28
66,U237,531.0,97.62370066806555,17.0,320,49,256,2025-12-28
67,U053,-42.0,72.30110965768974,12.0,88,89,391,2025-05-17
68,U280,27.0,51.35945480621769,19.0,98,16,248,2025-04-10
69,U217,635.0,9.865405799283096,19.0,64,51,936,2025-05-26
70,U252,620.0,-4.075597230217126,17.0,399,72,376,2025-01-09
71,U188,425.0,25.206581577308178,3.0,12,82,177,2025-03-03
72,U041,420.0,72.85060695047432,0.0,53,92,569,2025-07-04
73,U157,451.0,19.62644281322276,17.0,222,80,60,2025-01-29
74,U015,136.0,49.35118425450556,0.0,-45,83,820,2025-04-24
75,U065,393.0,70.07418944038174,12.0,96,42,619,2025-05-23
76,U009,-97.0,1.8738086111110785,19.0,133,17,960,2025-04-30
77,U129,565.0,65.38278177274607,19.0,-23,63,737,2025-06-19
78,U136,341.0,0.1057976481049181,,499,45,698,2025-06-06
79,U063,-72.0,96.16427163396962,10.0,68,77,389,2025-12-01
80,U139,509.0,43.72335430714335,8.0,242,7,483,2025-12-15
81,U081,704.0,6.5743718480865105,8.0,320,27,89,2025-09-17
82,U163,-26.0,27.662199963690114,4.0,193,10,706,2025-03-23
83,U289,737.0,35.47580942247876,0.0,167,34,376,2025-08-30
84,U261,27.0,73.4003512184191,16.0,126,36,470,2025-06-21
85,U231,-59.0,71.77661646842702,1.0,248,25,920,2025-08-19
86,U041,-60.0,57.31345558710642,12.0,7,6,548,2025-07-27
87,U028,833.0,1.6523783814342252,8.0,218,24,461,2025-03-16
88,U135,-67.0,6.672630874644096,3.0,257,18,473,2025-09-27
89,U201,940.0,0.31326127101122836,4.0,237,87,969,2025-04-24
90,U268,897.0,53.489006161630506,10.0,54,6,487,2025-03-03
91,U033,487.0,86.48522856625443,18.0,177,29,935,2025-12-28
92,U048,241.0,37.718056348024895,2.0,196,25,429,2025-11-16
93,U062,-74.0,7.693299135352081,11.0,443,55,716,2025-04-12
94,U216,545.0,51.38465576638637,18.0,32,81,223,2025-12-28
95,U293,630.0,79.29274385522808,18.0,135,46,378,2025-07-29
96,U099,67.0,71.5883267664223,12.0,201,24,863,2025-09-12
97,U172,509.0,86.95958576425235,6.0,304,75,123,2025-01-20
98,U214,167.0,20.56923069737546,14.0,159,26,763,2025-02-27
99,U035,720.0,11.334925399455233,6.0,396,98,512,2025-04-22
100,U227,354.0,86.77981345361326,7.0,409,28,645,2025-11-09
101,U101,805.0,62.331634405582534,4.0,421,3,826,2025-07-15
102,U131,821.0,24.202182300830955,13.0,319,75,597,2025-12-19
103,U257,880.0,71.658285562976,3.0,441,38,320,2025-04-02
104,U005,601.0,79.66302229284047,,86,61,478,2025-02-21
105,U218,533.0,57.64760643752456,19.0,316,78,833,2025-10-20
106,U255,29.0,65.66725208679067,14.0,133,51,717,2025-01-08
107,U283,919.0,31.2785894886933,17.0,236,90,872,2025-10-27
108,U207,718.0,,19.0,421,48,53,2025-04-08
109,U015,592.0,47.657508779877844,12.0,324,21,424,2025-08-24
110,U042,693.0,83.2852570243849,7.0,486,54,707,2025-03-10
111,U179,-72.0,82.39603783104008,8.0,460,56,864,2025-02-14
112,U063,48.0,81.59485162817475,15.0,199,94,255,2025-05-17
113,U231,-90.0,-8.786522431128763,18.0,459,59,958,2025-08-22
114,U241,575.0,72.4500032915777,15.0,22,72,93,2025-02-01
115,U052,86.0,73.45440291221054,6.0,231,51,216,2025-10-16
116,U096,706.0,64.6216705140656,13.0,309,20,160,2025-05-06
117,U222,643.0,73.18911236805978,13.0,-41,96,677,2025-03-08
118,U231,-3.0,82.61674086463796,3.0,160,86,537,2025-01-30
119,U237,-46.0,41.73509595119642,14.0,101,59,174,2025-04-24
120,U143,522.0,45.225523483729184,2.0,-46,71,926,2025-07-23
121,U171,563.0,3.7185462602529533,4.0,144,9,984,2025-01-29
122,U029,657.0,32.3913471352098,0.0,232,1,154,2025-05-11
123,U036,305.0,60.77016979029628,2.0,413,29,46,2025-07-04
124,U013,-32.0,75.84397537620019,,62,63,342,2025-09-10
125,U160,650.0,13.89300074603316,7.0,220,72,412,2025-10-13
126,U187,857.0,5.160518907515893,3.0,112,56,423,2025-03-03
127,U243,264.0,62.93462049505415,1.0,409,68,54,2025-01-03
128,U086,381.0,-9.79321281225983,9.0,54,35,411,2025-03-09
129,U284,100.0,9.620984273806283,3.0,231,3,215,2025-01-25
130,U066,53.0,-6.802148162165089,2.0,111,7,71,2025-06-28
131,U170,-28.0,8.3573629640358,1.0,300,27,429,2025-05-21
132,U045,612.0,9.945120791805575,16.0,383,1,877,2025-08-19
133,U062,195.0,,19.0,89,91,477,2025-10-27
134,U134,940.0,34.255983715521154,12.0,420,80,829,2025-06-12
135,U284,-40.0,86.16887176712615,4.0,81,71,28,2025-11-07
136,U028,838.0,46.11206837487077,8.0,36,44,374,2025-05-10
137,U108,-59.0,69.5745242173515,5.0,132,87,309,2025-09-03
138,U044,-76.0,1.455109371231618,4.0,317,41,16,2025-10-24
139,U286,962.0,14.798263101006324,9.0,78,75,770,2025-06-21
140,U128,,67.32377850765445,7.0,195,42,437,2025-03-05
141,U231,7.0,-4.1915643484619105,6.0,327,33,126,2025-01-31
142,U190,71.0,43.52574284681284,6.0,98,50,589,2025-02-16
143,U225,1.0,55.93058622292273,5.0,382,63,516,2025-05-10
144,U283,765.0,56.23602084577291,19.0,418,37,555,2025-12-18
145,U121,423.0,-7.477390760515377,2.0,395,59,715,2025-11-29
146,U116,174.0,25.431880465210405,18.0,430,81,334,2025-04-20
147,U233,967.0,60.013971615406945,14.0,243,99,64,2025-03-10
148,U259,716.0,6.38997097641678,3.0,92,48,787,2025-02-27
149,U198,856.0,66.49572131608586,11.0,199,5,51,2025-04-16
150,U137,940.0,72.0517729695042,5.0,251,48,306,2025-10-27
151,U165,229.0,98.01661094907598,18.0,-26,96,982,2025-11-26
152,U225,-89.0,13.082619434205036,3.0,19,3,240,2025-09-13
153,U234,115.0,80.76437344327267,,61,47,462,2025-11-08
154,U172,238.0,47.23262346105194,8.0,313,62,899,2025-06-20
155,U152,560.0,31.080885575859078,4.0,252,99,403,2025-06-11
156,U160,273.0,3.461443305769574,12.0,420,14,531,2025-10-13
157,U096,875.0,70.90561671362913,17.0,40,63,367,2025-03-12
158,U233,609.0,15.94433590580558,4.0,479,61,996,2025-09-12
159,U180,365.0,30.856420206035033,15.0,141,31,453,2025-02-24
160,U113,388.0,-3.1203550412894723,18.0,191,95,137,2025-11-19
161,U052,-54.0,78.1503607401471,13.0,87,17,700,2025-01-03
162,U268,677.0,74.32473763688077,15.0,294,24,414,2025-01-26
163,U295,939.0,70.69774130465437,14.0,129,23,401,2025-11-09
164,U113,610.0,22.938786154107532,3.0,452,82,202,2025-05-06
165,U101,300.0,9.082808169255298,6.0,152,50,613,2025-02-22
166,U113,880.0,60.13085909172527,15.0,141,78,890,2025-07-17
167,U081,149.0,44.57830225245414,7.0,-46,79,752,2025-10-26
168,U187,290.0,9.607771359510576,16.0,186,79,87,2025-07-07
169,U113,234.0,65.450239815485,15.0,260,70,94,2025-07-05
170,U002,528.0,99.0239075003434,9.0,498,27,39,2025-11-01
171,U130,36.0,72.19415465162415,9.0,5,15,734,2025-10-25
172,U220,782.0,71.3985025354173,1.0,392,50,58,2025-07-23
173,U054,587.0,94.53440282236508,8.0,186,36,786,2025-01-11
174,U224,726.0,12.32300043323924,16.0,146,8,154,2025-12-25
175,U225,626.0,52.21049614135844,10.0,463,79,78,2025-12-20
176,U126,493.0,97.76113865372719,9.0,398,3,67,2025-05-26
177,U130,889.0,8.182352206719202,16.0,309,62,706,2025-03-26
178,U053,271.0,67.02771553889731,3.0,-21,47,583,2025-04-10
179,U172,834.0,54.439116056909214,15.0,57,77,488,2025-04-14
180,U218,894.0,54.51270014075777,19.0,394,98,829,2025-02-15
181,U160,301.0,66.74376902720826,14.0,387,88,454,2025-02-13
182,U198,514.0,92.25786151632526,4.0,406,96,305,2025-10-05
183,U247,894.0,76.08401338364718,5.0,444,61,687,2025-06-30
184,U203,519.0,-3.8250286242169,16.0,196,32,180,2025-07-06
185,U184,87.0,83.80008218632824,,492,94,584,2025-04-24
186,U123,30.0,14.80954629183059,18.0,388,13,156,2025-09-12
187,U255,704.0,31.460558121000915,3.0,227,1,493,2025-01-30
188,U294,835.0,40.79060949736204,16.0,60,34,315,2025-09-21
189,U280,885.0,42.89966008283766,8.0,334,62,682,2025-04-08
190,U098,82.0,37.869843918089245,1.0,140,79,662,2025-11-09
191,U198,882.0,93.10886236374509,7.0,439,78,855,2025-11-25
192,U240,263.0,67.6620908430427,14.0,375,93,618,2025-04-25
193,U144,-62.0,59.4287710552377,6.0,354,98,455,2025-10-03
194,U097,396.0,-4.517376943876429,5.0,284,82,230,2025-10-08
195,U201,881.0,89.43046632864122,0.0,158,71,564,2025-10-02
196,U124,820.0,90.03292112092359,14.0,-29,93,954,2025-09-18
197,U187,621.0,75.82343697731126,6.0,157,31,813,2025-11-27
198,U259,-85.0,-9.226787580501894,16.0,-43,64,387,2025-07-26
199,U148,392.0,-3.6991723814614303,1.0,478,25,629,2025-11-24
200,U252,793.0,14.774607249533872,8.0,115,38,275,2025-07-30
201,U147,210.0,4.448434895939737,8.0,445,14,104,2025-08-03
202,U148,638.0,33.87196326741024,12.0,378,8,271,2025-02-09
203,U199,445.0,91.48853638965686,5.0,112,91,834,2025-01-26
204,U128,313.0,41.92664776166981,5.0,315,54,906,2025-01-27
205,U039,150.0,-8.525711092461783,19.0,475,2,80,2025-07-09
206,U129,658.0,,19.0,188,81,963,2025-03-24
207,U267,962.0,-5.094560078974231,2.0,21,78,228,2025-06-19
208,U151,713.0,-6.008361512514763,16.0,394,89,542,2025-06-16
209,U298,-72.0,20.329183840510748,,458,56,101,2025-07-07
210,U099,857.0,20.317357254683994,11.0,218,94,136,2025-06-18
211,U263,376.0,76.58392628617645,15.0,364,93,89,2025-10-16
212,U252,217.0,97.2318118059223,14.0,194,84,833,2025-08-17
213,U144,144.0,30.832780327899812,12.0,9,85,247,2025-04-07
214,U112,647.0,37.177556674714246,0.0,-45,61,992,2025-01-16
215,U060,596.0,82.92683799146236,16.0,356,22,381,2025-10-06
216,U002,171.0,19.49529221050647,2.0,166,35,925,2025-05-15
217,U254,276.0,7.201998484379274,14.0,-25,16,495,2025-01-26
218,U140,165.0,83.83985857440155,3.0,-46,50,703,2025-12-18
219,U037,825.0,-4.884935491592795,3.0,481,43,34,2025-01-12
220,U160,820.0,58.166938421935726,17.0,339,17,165,2025-03-13
221,U009,239.0,51.81921322134875,16.0,397,80,526,2025-05-13
222,U233,288.0,28.051249225186368,18.0,95,58,641,2025-04-16
223,U099,476.0,24.67084732070949,10.0,337,2,798,2025-08-08
224,U147,-98.0,74.90434987997834,19.0,198,4,539,2025-06-26
225,U208,275.0,-0.4932928161198866,2.0,475,85,952,2025-10-09
226,U131,223.0,16.046274024252394,7.0,411,39,719,2025-05-13
227,U152,45.0,70.56936050218988,13.0,-38,98,66,2025-01-22
228,U054,192.0,50.315264209906665,0.0,333,94,614,2025-09-26
229,U120,331.0,4.078702938694503,13.0,348,6,28,2025-06-10
230,U161,604.0,87.03491757102661,1.0,-32,81,393,2025-04-17
231,U116,848.0,33.27926312199507,3.0,440,89,874,2025-10-06
232,U075,484.0,81.06552128543902,18.0,368,69,202,2025-12-19
233,U113,298.0,76.64843170804795,5.0,286,69,246,2025-08-23
234,U104,716.0,58.68679911189008,0.0,368,20,396,2025-01-18
235,U254,863.0,44.39292444246023,16.0,71,64,435,2025-08-30
236,U227,86.0,97.75059244199326,7.0,381,16,286,2025-04-27
237,U112,-40.0,5.946157961779875,18.0,-7,51,236,2025-10-13
238,U099,838.0,69.76713003062262,0.0,266,37,754,2025-10-09
239,U153,609.0,11.030977161126792,4.0,330,73,561,2025-05-24
240,U194,706.0,27.208941586558325,15.0,94,69,332,2025-07-24
241,U163,-90.0,23.95686177105148,5.0,276,42,162,2025-02-08
242,U208,985.0,94.17395865125953,7.0,312,57,648,2025-06-03
243,U169,125.0,,12.0,-1,66,246,2025-06-25
244,U161,,10.131698865819988,15.0,14,9,64,2025-08-29
245,U068,671.0,,2.0,304,86,989,2025-05-14
246,U289,784.0,69.20088436294245,18.0,113,64,445,2025-02-15
247,U277,125.0,35.978892725753276,11.0,90,86,693,2025-02-19
248,U135,724.0,-0.22757304036791837,15.0,77,22,118,2025-06-15
249,U195,117.0,65.21295161347467,10.0,347,34,875,2025-04-16
250,U128,836.0,49.96160810867696,9.0,412,55,990,2025-08-04
251,U033,652.0,97.85685042012166,19.0,136,29,193,2025-05-26
252,U176,405.0,15.015044544751682,3.0,139,38,960,2025-03-13
253,U022,158.0,34.43756639592031,11.0,337,97,377,2025-11-26
254,U238,-47.0,49.68003837349652,1.0,378,18,992,2025-09-30
255,U158,970.0,77.08699872986868,18.0,233,71,207,2025-09-04
256,U038,626.0,50.37225223920646,4.0,186,65,380,2025-07-05
257,U230,588.0,57.419017694814414,7.0,143,97,382,2025-03-11
258,U051,943.0,14.876175674893481,6.0,236,1,982,2025-05-30
259,U264,318.0,83.16106008974158,13.0,85,88,506,2025-09-03
260,U283,589.0,37.14936016675233,2.0,120,4,608,2025-09-19
261,U027,749.0,5.50555902739462,17.0,108,4,210,2025-01-26
262,U226,-39.0,63.06067059559591,15.0,150,82,858,2025-05-20
263,U277,115.0,13.769949850383824,18.0,436,27,518,2025-04-09
264,U286,-98.0,0.7318761263229714,18.0,453,43,331,2025-10-05
265,U097,59.0,84.81855992446995,17.0,320,59,284,2025-02-20
266,U284,680.0,40.61784909372836,19.0,52,32,220,2025-05-31
267,U147,792.0,72.4212083965354,15.0,74,33,513,2025-04-14
268,U004,228.0,21.96463157869906,7.0,262,28,912,2025-03-30
269,U035,479.0,76.56671484094329,0.0,407,55,127,2025-05-21
270,U192,851.0,2.312951972368335,16.0,179,60,712,2025-08-01
271,U049,534.0,29.1570711174338,11.0,146,70,563,2025-08-21
272,U017,887.0,97.58679997708813,10.0,372,62,51,2025-07-02
273,U172,820.0,77.33886880048067,4.0,120,80,324,2025-09-08
274,U220,637.0,44.6981523346157,11.0,331,34,797,2025-01-09
275,U158,69.0,27.375521871807358,16.0,122,87,338,2025-03-20
276,U046,420.0,85.93492700247242,5.0,402,88,26,2025-02-21
277,U006,-61.0,49.933253499296725,0.0,299,56,292,2025-09-26
278,U099,854.0,73.42675196560222,4.0,443,13,952,2025-08-14
279,U233,,,13.0,-47,56,267,2025-02-20
280,U037,874.0,-8.0259753574659,4.0,42,18,584,2025-07-05
281,U280,-63.0,3.887916107187481,0.0,-45,54,583,2025-02-03
282,U181,227.0,62.55923030342164,17.0,237,77,621,2025-10-18
283,U095,813.0,7.778179241445859,15.0,95,43,28,2025-08-18
284,U099,353.0,18.104267912116516,8.0,373,39,538,2025-05-11
285,U188,-64.0,94.13017496195678,18.0,406,61,846,2025-04-30
286,U116,872.0,51.620048421240305,,151,42,432,2025-11-22
287,U191,695.0,72.58024576992818,1.0,161,81,475,2025-09-04
288,U253,872.0,51.377881266090384,14.0,-45,79,382,2025-07-11
289,U161,492.0,50.776497626099776,6.0,325,18,767,2025-11-19
290,U256,963.0,0.35671011382676987,3.0,396,23,772,2025-07-29
291,U128,123.0,27.802951187001334,0.0,55,54,976,2025-04-13
292,U018,217.0,21.067398855516288,12.0,350,30,90,2025-11-25
293,U281,248.0,32.98012021749746,19.0,45,98,560,2025-05-13
294,U223,14.0,77.81786070467611,6.0,337,58,557,2025-11-19
295,U054,597.0,30.912593470855136,14.0,401,68,433,2025-05-19
296,U058,963.0,39.686650115485094,13.0,365,67,438,2025-05-01
297,U174,-61.0,33.71195295338482,18.0,453,71,397,2025-04-04
298,U280,115.0,0.2748769172825156,19.0,403,18,930,2025-05-09
299,U114,235.0,38.51793740758621,17.0,240,7,718,2025-04-01
300,U288,-9.0,11.517020034896653,9.0,483,40,679,2025-04-02
301,U151,,10.539562535034563,,142,70,213,2025-03-04
302,U127,470.0,0.34397148776929853,,99,86,205,2025-01-29
303,U155,715.0,29.23380715559412,9.0,464,65,737,2025-07-29
304,U273,680.0,73.3230073268359,16.0,342,68,294,2025-01-12
305,U104,262.0,20.408585964173568,1.0,265,49,978,2025-11-29
306,U299,456.0,24.358401207406494,5.0,25,52,205,2025-10-24
307,U246,255.0,60.6942123439666,4.0,219,29,316,2025-05-10
308,U176,90.0,11.542489384561076,8.0,174,21,673,2025-10-20
309,U039,321.0,88.66537234658878,4.0,479,90,23,2025-06-22
310,U170,599.0,47.22095755767099,17.0,62,78,846,2025-07-27
311,U247,-94.0,39.236323435223866,19.0,200,9,155,2025-01-24
312,U026,32.0,51.36022111221215,8.0,182,47,947,2025-04-09
313,U013,456.0,8.2637744757815,16.0,32,76,66,2025-12-22
314,U036,725.0,57.4820452503094,16.0,74,42,732,2025-05-19
315,U173,660.0,29.94108102974115,11.0,124,51,789,2025-11-10
316,U020,954.0,88.69049750610807,6.0,18,56,219,2025-06-23
317,U264,434.0,8.573962734545475,2.0,-4,51,538,2025-01-29
318,U142,325.0,45.775621425198516,9.0,205,70,807,2025-05-23
319,U143,571.0,55.79238923059198,1.0,-21,20,353,2025-11-12
320,U092,262.0,-6.327803803498066,2.0,230,88,724,2025-12-17
321,U288,-19.0,30.006243723175423,15.0,186,27,620,2025-02-11
322,U215,255.0,70.58987581709161,1.0,197,38,288,2025-10-26
323,U051,488.0,80.24152581938706,9.0,317,72,218,2025-07-27
324,U153,194.0,24.44781942990106,5.0,444,65,650,2025-11-26
325,U186,969.0,77.84525996210263,10.0,-26,54,344,2025-07-11
326,U063,-84.0,96.45314648137277,6.0,439,24,297,2025-06-09
327,U190,259.0,84.25613296826035,14.0,443,47,261,2025-03-05
328,U125,765.0,2.9408386975257717,5.0,263,71,274,2025-08-31
329,U150,599.0,71.37033652940947,19.0,324,83,280,2025-09-15
330,U058,347.0,25.163351568459916,8.0,-26,86,933,2025-06-01
331,U180,755.0,98.72575883532842,19.0,283,63,929,2025-08-03
332,U170,264.0,43.389488147587585,11.0,304,57,709,2025-11-18
333,U271,574.0,3.467728819483513,18.0,65,55,428,2025-06-15
334,U054,907.0,69.77041028301298,19.0,-3,60,735,2025-01-31
335,U101,366.0,25.53123182248352,2.0,48,99,804,2025-08-20
336,U264,313.0,99.67859727898279,14.0,408,62,220,2025-10-09
337,U053,485.0,97.7760703639974,1.0,472,30,374,2025-01-29
338,U060,893.0,62.17474198226388,1.0,354,93,85,2025-07-14
339,U108,471.0,4.280909384688933,2.0,163,22,669,2025-11-30
340,U005,234.0,65.5547097442532,5.0,452,75,330,2025-09-13
341,U103,-64.0,0.23335351060299203,14.0,397,84,734,2025-10-08
342,U196,888.0,-6.769942498736845,9.0,207,29,442,2025-10-31
343,U262,177.0,80.52542908436347,8.0,70,41,118,2025-11-17
344,U047,815.0,,0.0,3,42,650,2025-11-19
345,U144,383.0,31.692983884100713,15.0,280,98,531,2025-12-12
346,U269,630.0,97.08031289737905,5.0,190,65,56,2025-10-21
347,U124,91.0,27.052455204721362,8.0,479,31,388,2025-03-28
348,U106,940.0,22.61387594116468,3.0,432,30,836,2025-05-29
349,U158,423.0,91.00287995850528,1.0,136,18,105,2025-09-06
350,U147,817.0,2.182328985085393,3.0,211,17,967,2025-11-17
351,U145,300.0,73.55406511260949,0.0,313,38,112,2025-10-10
352,U120,785.0,98.68721233180514,18.0,440,14,901,2025-12-28
353,U275,604.0,89.14256118521138,9.0,380,87,863,2025-07-17
354,U092,-79.0,61.68347105770685,14.0,188,89,155,2025-02-13
355,U058,,,18.0,253,79,889,2025-12-22
356,U229,109.0,17.97541792961484,15.0,247,56,951,2025-01-28
357,U117,205.0,80.11806153586072,3.0,25,22,937,2025-01-17
358,U279,603.0,86.78041053468648,1.0,282,67,36,2025-05-07
359,U127,586.0,47.797840380026216,12.0,423,56,741,2025-06-17
360,U129,184.0,16.877393486511277,0.0,232,19,539,2025-09-01
361,U058,615.0,2.423752925229092,16.0,21,57,688,2025-03-17
362,U122,662.0,,12.0,212,44,954,2025-08-19
363,U001,847.0,69.09851920892412,3.0,-39,98,998,2025-07-23
364,U239,280.0,36.21306006324975,6.0,90,35,91,2025-09-05
365,U290,359.0,89.58958617056574,16.0,-34,1,437,2025-10-29
366,U096,930.0,71.363843079944,8.0,12,52,593,2025-08-02
367,U126,-72.0,11.038645970604538,3.0,202,85,831,2025-08-03
368,U118,806.0,57.5155160697269,18.0,414,93,488,2025-06-07
369,U048,956.0,37.90559998379753,0.0,325,70,775,2025-03-10
370,U089,778.0,53.49747038454744,9.0,469,37,171,2025-03-26
371,U237,-22.0,71.18760356723689,3.0,39,65,848,2025-09-24
372,U272,846.0,,8.0,124,51,941,2025-03-10
373,U189,358.0,82.81110590473968,12.0,25,1,411,2025-04-09
374,U192,469.0,17.93723620292272,13.0,349,91,517,2025-12-13
375,U069,637.0,-6.577284009090655,9.0,20,21,47,2025-08-04
376,U278,415.0,71.32242086812505,5.0,129,53,964,2025-06-10
377,U247,296.0,1.6978098881352057,15.0,73,16,520,2025-04-04
378,U076,-62.0,24.64115474742644,5.0,330,61,402,2025-06-23
379,U154,786.0,-9.580115246321814,16.0,242,54,722,2025-06-14
380,U144,696.0,64.98364306417821,9.0,144,40,503,2025-04-25
381,U086,56.0,8.384521261834337,17.0,177,26,209,2025-08-08
382,U185,998.0,62.0810650660824,17.0,380,80,264,2025-01-31
383,U285,783.0,99.09168788846227,2.0,385,92,188,2025-01-11
384,U220,873.0,-2.0062041228982084,19.0,410,65,556,2025-12-09
385,U069,945.0,-1.5214186853393237,14.0,-30,74,603,2025-05-10
386,U047,748.0,27.44181019333424,,13,64,398,2025-04-15
387,U094,647.0,85.30251656764763,3.0,114,43,407,2025-01-27
388,U238,888.0,13.708285567046502,8.0,-24,17,741,2025-08-15
389,U204,-80.0,29.641560192338233,18.0,260,59,167,2025-01-02
390,U218,202.0,-2.4644052710322475,16.0,234,23,13,2025-12-25
391,U039,768.0,73.94708203847783,10.0,230,7,176,2025-04-11
392,U100,-17.0,34.91369770353962,8.0,113,44,477,2025-01-21
393,U289,469.0,73.51736063669271,9.0,173,53,969,2025-02-27
394,U254,833.0,89.39686287814746,17.0,95,71,418,2025-06-29
395,U222,908.0,15.603946181141765,19.0,-21,79,421,2025-12-07
396,U023,692.0,78.81356333739464,12.0,-6,34,213,2025-12-15
397,U250,691.0,-3.4996720913921395,7.0,420,46,203,2025-01-20
398,U010,391.0,88.8732126998272,6.0,-17,68,244,2025-09-12
399,U246,107.0,61.58454023146221,16.0,376,78,727,2025-11-13
400,U100,983.0,86.16493965521867,14.0,170,78,159,2025-02-07
401,U290,329.0,-9.979276048775992,19.0,483,16,168,2025-05-28
402,U180,884.0,8.598917739159177,14.0,316,71,288,2025-01-25
403,U223,419.0,32.873532616914126,0.0,499,96,825,2025-05-01
404,U250,490.0,31.745319371219047,13.0,65,19,413,2025-01-26
405,U147,950.0,14.940342121586173,4.0,188,2,902,2025-06-18
406,U096,98.0,31.97731338539201,10.0,284,10,687,2025-11-19
407,U257,286.0,4.173358320028031,15.0,390,50,320,2025-08-13
408,U004,248.0,35.40372421926286,1.0,97,81,77,2025-01-01
409,U016,,78.25897620751905,7.0,-42,12,472,2025-11-03
410,U280,592.0,42.69770694136863,10.0,237,70,97,2025-09-18
411,U247,277.0,-8.01999021602635,17.0,337,22,226,2025-01-13
412,U258,798.0,36.358844573717214,2.0,-1,32,10,2025-02-17
413,U160,815.0,-7.010748230007142,0.0,466,84,144,2025-11-09
414,U152,426.0,96.2867751777478,10.0,227,1,706,2025-10-18
415,U178,633.0,4.019935536515586,15.0,249,54,360,2025-11-28
416,U163,105.0,67.84571589636806,17.0,84,58,149,2025-04-04
417,U033,354.0,97.00539551812945,15.0,96,70,627,2025-09-18
418,U179,420.0,80.86429568332291,9.0,439,83,142,2025-10-05
419,U101,916.0,66.92469126388241,17.0,427,18,629,2025-12-25
420,U268,855.0,82.34070004508436,5.0,108,6,187,2025-07-24
421,U065,625.0,97.99785625866905,18.0,333,45,819,2025-07-04
422,U168,913.0,58.34789469788825,3.0,112,97,367,2025-06-24
423,U043,400.0,51.51032875122591,12.0,390,23,389,2025-11-05
424,U044,,59.10619215096095,13.0,138,23,917,2025-03-10
425,U285,285.0,48.59434754377105,2.0,364,26,880,2025-04-14
426,U012,483.0,59.85980165006907,9.0,288,77,667,2025-09-03
427,U095,294.0,39.482642876981515,5.0,130,7,459,2025-06-10
428,U253,987.0,14.028750117163781,0.0,237,79,595,2025-07-19
429,U242,620.0,3.2271949162843185,13.0,136,44,472,2025-08-04
430,U035,-29.0,-2.482497091451357,,87,27,999,2025-07-31
431,U215,173.0,18.96473621285201,18.0,79,26,117,2025-01-16
432,U090,237.0,-4.926407923069278,13.0,143,97,131,2025-11-28
433,U264,506.0,52.38878579113241,9.0,265,79,26,2025-07-24
434,U093,65.0,21.22112917258723,16.0,93,36,205,2025-12-31
435,U090,-90.0,80.69882888957353,8.0,-35,55,336,2025-02-08
436,U115,628.0,-1.8335039712774908,5.0,251,64,327,2025-03-30
437,U105,700.0,14.898664377563453,10.0,372,91,818,2025-09-13
438,U196,1.0,70.32707617991605,6.0,194,57,488,2025-09-11
439,U114,678.0,,16.0,56,69,261,2025-08-04
440,U075,113.0,-2.9059601625915708,0.0,37,61,512,2025-10-30
441,U217,300.0,86.49634028784205,4.0,78,2,128,2025-06-21
442,U277,487.0,86.49879391087974,8.0,290,55,683,2025-05-17
443,U249,788.0,26.344880426335124,17.0,-47,97,719,2025-06-27
444,U164,969.0,27.44464276845212,1.0,276,80,507,2025-03-18
445,U192,491.0,98.79311941851913,10.0,359,87,495,2025-07-07
446,U227,-9.0,58.87937887524521,5.0,255,38,54,2025-01-15
447,U177,572.0,48.4448172624865,7.0,174,80,323,2025-10-19
448,U099,613.0,82.1967401907117,,297,78,188,2025-11-15
449,U036,835.0,21.381937219304806,17.0,270,29,903,2025-11-21
450,U096,141.0,37.21008527359926,10.0,130,26,427,2025-08-02
451,U152,-99.0,19.455434303716757,4.0,335,35,565,2025-07-27
452,U151,124.0,76.80769312476046,14.0,57,79,792,2025-06-18
453,U190,700.0,,17.0,480,67,87,2025-11-26
454,U224,488.0,62.47075771540776,1.0,359,87,335,2025-10-07
455,U037,15.0,17.753797482334722,10.0,245,29,699,2025-11-01
456,U268,817.0,14.224783151504663,12.0,120,34,366,2025-05-26
457,U183,93.0,43.72120918812326,3.0,280,97,425,2025-09-20
458,U013,770.0,71.13223240021095,6.0,442,41,972,2025-01-04
459,U279,-11.0,47.77637332721762,10.0,144,41,524,2025-03-31
460,U217,,-6.408975469976453,3.0,-39,23,223,2025-03-01
461,U286,42.0,85.54066569523177,14.0,144,71,863,2025-11-07
462,U273,893.0,-2.8844417133355273,0.0,439,3,83,2025-01-16
463,U062,5.0,95.14069320928274,2.0,131,58,572,2025-08-15
464,U084,786.0,-7.2343845895,13.0,265,32,588,2025-01-29
465,U217,327.0,66.38955017437796,5.0,-21,31,518,2025-05-31
466,U187,216.0,-0.9572229917040183,17.0,45,82,341,2025-09-02
467,U019,534.0,90.17442373786535,0.0,330,43,102,2025-09-27
468,U177,-92.0,41.08765598480971,5.0,393,7,697,2025-03-20
469,U100,673.0,5.127615229871692,5.0,247,1,666,2025-10-16
470,U233,996.0,27.489726976883126,15.0,310,61,528,2025-06-02
471,U076,122.0,8.130714288143825,4.0,323,14,278,2025-10-04
472,U265,452.0,8.7640102712799,16.0,252,52,385,2025-10-06
473,U284,615.0,94.29191521885865,9.0,370,96,843,2025-02-26
474,U206,10.0,38.9770723513267,17.0,195,6,13,2025-07-05
475,U223,150.0,76.76824902958955,6.0,186,10,147,2025-04-03
476,U052,282.0,60.35661172954501,2.0,483,71,240,2025-10-03
477,U144,-94.0,64.40689985722315,12.0,134,90,609,2025-06-07
478,U069,358.0,4.486278231924237,14.0,417,98,538,2025-10-02
479,U099,107.0,15.760289149703425,19.0,312,30,61,2025-06-30
480,U025,799.0,76.54253686698806,18.0,232,21,655,2025-12-25
481,U053,-79.0,96.78428271222613,2.0,285,60,732,2025-03-18
482,U151,309.0,18.89432068585169,3.0,111,81,334,2025-05-31
483,U144,794.0,19.872564122614385,4.0,109,97,979,2025-08-26
484,U057,414.0,42.01868460919953,0.0,423,74,914,2025-10-16
485,U039,708.0,98.22243441409816,3.0,271,63,740,2025-08-19
486,U109,773.0,19.585484040911815,11.0,-39,42,726,2025-01-18
487,U181,-87.0,34.766910059769025,9.0,373,51,732,2025-03-14
488,U042,870.0,88.06280171858575,19.0,22,64,286,2025-07-08
489,U186,877.0,-9.67868641165018,12.0,150,76,545,2025-01-17
490,U223,913.0,-5.62574385125735,13.0,471,56,495,2025-01-19
491,U122,935.0,56.44788447783411,4.0,454,80,525,2025-08-07
492,U133,-14.0,89.81181811841317,3.0,-12,41,161,2025-11-22
493,U163,808.0,16.27423264421204,13.0,9,32,964,2025-04-30
494,U215,21.0,41.66059521487799,9.0,270,15,492,2025-04-11
495,U221,649.0,39.55118318236001,16.0,384,62,268,2025-02-03
496,U235,584.0,42.02684807050612,,357,27,333,2025-03-25
497,U146,208.0,58.47716653027197,6.0,335,28,878,2025-07-15
498,U239,594.0,41.67181392897521,15.0,27,81,177,2025-11-26
499,U076,187.0,,0.0,143,64,697,2025-07-21
500,U009,206.0,42.171726247438656,16.0,234,59,319,2025-12-10
501,U074,813.0,54.995418539814565,8.0,476,58,812,2025-12-07
502,U253,561.0,49.07082371864942,5.0,473,2,488,2025-01-11
503,U230,448.0,83.95495974155547,18.0,105,36,65,2025-12-13
504,U007,211.0,-4.555346115696672,12.0,289,71,629,2025-08-06
505,U174,772.0,81.66487786203137,2.0,74,13,482,2025-09-10
506,U141,982.0,82.83170738728964,6.0,229,15,305,2025-08-10
507,U168,823.0,21.339882368405693,8.0,77,89,470,2025-03-21
508,U170,654.0,40.91371505174357,4.0,263,87,333,2025-01-07
509,U283,-66.0,38.23923373911791,9.0,281,60,823,2025-09-29
510,U122,344.0,14.036081778954333,16.0,99,22,855,2025-08-15
511,U194,-8.0,33.64765317949481,11.0,403,63,150,2025-01-16
512,U005,252.0,-5.117345061206012,15.0,-15,90,676,2025-01-12
513,U029,802.0,20.560428005990786,2.0,369,97,271,2025-10-18
514,U165,761.0,79.835039299579,8.0,-29,75,794,2025-08-29
515,U136,58.0,21.30185319391873,14.0,155,74,429,2025-01-21
516,U145,856.0,80.00273356230723,4.0,305,25,753,2025-06-27
517,U217,-77.0,48.4759411064874,12.0,389,48,250,2025-08-16
518,U132,303.0,86.7848945097276,13.0,45,43,364,2025-09-30
519,U292,704.0,53.22575096908567,,113,38,858,2025-10-15
520,U070,415.0,-6.73649546287862,14.0,97,41,779,2025-10-24
521,U252,631.0,64.29622283017981,15.0,479,45,770,2025-05-14
522,U275,431.0,-5.066107517407447,12.0,243,88,598,2025-10-10
523,U182,,39.56567208814474,16.0,144,40,189,2025-06-02
524,U167,51.0,92.23693639204254,7.0,429,97,75,2025-03-07
525,U091,846.0,8.172433327163517,1.0,72,17,829,2025-05-17
526,U202,507.0,32.88595882356985,4.0,349,88,357,2025-04-02
527,U019,319.0,70.28463397333263,5.0,401,57,180,2025-11-13
528,U039,765.0,87.04844117043324,11.0,53,2,483,2025-09-16
529,U126,477.0,63.803730521675874,17.0,411,96,543,2025-04-13
530,U173,234.0,18.399057961028614,0.0,345,62,376,2025-02-24
531,U141,831.0,64.20686382078378,16.0,286,88,116,2025-09-14
532,U242,194.0,22.640040521449897,10.0,91,9,448,2025-04-11
533,U220,654.0,69.02721528006087,9.0,266,68,844,2025-07-17
534,U126,85.0,94.94364403435446,18.0,476,81,236,2025-10-28
535,U058,536.0,69.35327962169171,13.0,350,17,453,2025-08-14
536,U148,429.0,84.91685532036536,9.0,259,50,451,2025-08-25
537,U001,-80.0,-9.768577250652825,14.0,444,94,405,2025-01-26
538,U190,810.0,68.93293372047538,18.0,58,40,737,2025-05-01
539,U191,766.0,81.25463125517753,3.0,321,58,590,2025-07-01
540,U117,693.0,-5.538538870085043,1.0,155,75,93,2025-07-18
541,U134,-1.0,85.87575000170537,8.0,-8,85,624,2025-10-29
542,U058,651.0,18.236365114105045,9.0,194,21,560,2025-09-12
543,U044,377.0,63.182131217586075,10.0,236,18,22,2025-05-02
544,U173,839.0,78.03903669257473,13.0,304,55,818,2025-01-31
545,U160,425.0,62.893096436529106,6.0,425,29,834,2025-11-11
546,U173,233.0,0.15132712805829662,14.0,32,24,702,2025-10-12
547,U149,-99.0,55.59536707464052,18.0,59,74,502,2025-04-16
548,U080,274.0,50.454202239435794,14.0,139,17,277,2025-08-12
549,U213,192.0,89.03533948816987,7.0,200,18,534,2025-09-30
550,U203,736.0,34.46637026086301,10.0,240,42,129,2025-08-20
551,U252,904.0,25.318920679575513,8.0,150,84,979,2025-09-13
552,U229,452.0,72.48358408801128,14.0,275,45,362,2025-01-24
553,U164,217.0,35.39428586917363,0.0,460,82,66,2025-04-19
554,U227,280.0,61.07057925055693,0.0,358,17,49,2025-07-10
555,U147,-87.0,61.10950991370677,18.0,457,73,895,2025-12-13
556,U020,403.0,87.68429707961296,2.0,21,14,345,2025-01-25
557,U047,130.0,55.85616425510071,9.0,196,49,649,2025-07-06
558,U233,29.0,45.236897095818556,7.0,293,29,182,2025-10-15
559,U014,737.0,5.275845903616871,14.0,3,95,556,2025-04-26
560,U143,790.0,2.731136734657589,9.0,477,4,268,2025-12-04
561,U001,-73.0,6.975372181138731,0.0,481,82,897,2025-02-06
562,U054,-35.0,8.903332945980395,17.0,142,20,526,2025-10-09
563,U259,160.0,60.16648019299973,1.0,7,47,739,2025-05-17
564,U144,359.0,71.50793753020363,18.0,386,9,532,2025-08-15
565,U012,200.0,48.29906752190606,12.0,60,77,903,2025-11-16
566,U224,818.0,81.19195058000402,0.0,78,79,848,2025-11-24
567,U272,186.0,,1.0,275,27,126,2025-07-01
568,U156,933.0,80.20138920312917,15.0,-43,15,193,2025-12-28
569,U008,529.0,66.43706110435551,14.0,-22,92,915,2025-03-27
570,U122,169.0,48.574196938086125,12.0,61,19,883,2025-02-22
571,U164,491.0,39.373837884217906,15.0,80,90,125,2025-12-14
572,U090,743.0,-0.716838140100343,16.0,137,52,171,2025-12-21
573,U136,761.0,33.930562323416005,6.0,424,26,588,2025-08-23
574,U186,32.0,90.11481004603476,16.0,313,89,721,2025-09-24
575,U178,871.0,78.88248928972082,6.0,153,26,552,2025-10-14
576,U028,412.0,13.765650151285591,12.0,161,26,596,2025-04-10
577,U220,212.0,41.32685631669374,4.0,225,46,246,2025-03-28
578,U041,475.0,79.83955228143991,16.0,22,92,848,2025-01-15
579,U228,785.0,-2.5876989735925227,2.0,192,49,75,2025-04-11
580,U192,586.0,32.613184423552525,6.0,51,82,79,2025-06-14
581,U145,64.0,,16.0,120,96,818,2025-01-29
582,U201,204.0,34.42876505871361,6.0,137,53,456,2025-04-24
583,U212,55.0,-1.4623890795415058,0.0,390,3,425,2025-04-17
584,U220,519.0,49.67878053854766,16.0,35,66,541,2025-12-30
585,U240,856.0,84.79167444101249,16.0,425,97,450,2025-05-10
586,U046,233.0,54.93140972484757,10.0,1,42,747,2025-03-25
587,U035,868.0,14.8907019035655,2.0,60,19,955,2025-09-28
588,U253,410.0,32.26635821511195,14.0,-8,17,473,2025-09-01
589,U082,943.0,39.51356973001254,10.0,160,33,930,2025-08-02
590,U256,181.0,53.71929892025795,15.0,149,76,405,2025-11-02
591,U197,696.0,73.52861283278743,8.0,-25,49,720,2025-06-15
592,U010,924.0,0.8760979404698936,0.0,248,56,560,2025-10-06
593,U286,18.0,87.86172363193229,15.0,26,63,666,2025-02-28
594,U242,958.0,-8.645932668231685,8.0,86,3,566,2025-03-31
595,U251,97.0,30.705756814168076,18.0,-31,49,404,2025-11-27
596,U005,384.0,-6.983765903007658,11.0,389,55,335,2025-07-13
597,U119,982.0,33.22716478798204,18.0,160,26,902,2025-05-03
598,U289,736.0,47.83938587606561,8.0,384,99,928,2025-05-16
599,U065,908.0,46.28495252396629,6.0,156,72,100,2025-05-19
600,U146,590.0,8.219118173109187,13.0,388,52,759,2025-08-17
601,U224,935.0,61.031456110517354,18.0,-9,7,79,2025-10-01
602,U239,389.0,-5.074370444486496,18.0,360,46,175,2025-02-19
603,U177,,73.8097502145657,1.0,472,46,651,2025-04-28
604,U267,592.0,94.13088773929009,8.0,376,16,223,2025-07-21
605,U282,141.0,27.37457098662297,12.0,224,24,861,2025-07-10
606,U063,25.0,46.89633198857651,14.0,397,61,610,2025-12-30
607,U217,116.0,31.68013058646958,2.0,318,54,344,2025-11-19
608,U283,962.0,-9.261857066553405,10.0,169,62,773,2025-06-30
609,U177,394.0,32.446195318462756,13.0,181,1,378,2025-03-19
610,U098,326.0,77.08922851874811,7.0,277,49,870,2025-03-16
611,U105,818.0,55.558772640182994,17.0,392,25,593,2025-10-22
612,U099,50.0,1.1385906076674814,18.0,1,10,686,2025-10-08
613,U006,283.0,83.18534386631636,15.0,325,80,58,2025-01-21
614,U197,207.0,48.41938793737671,1.0,212,16,61,2025-06-20
615,U133,645.0,82.58956979191437,7.0,216,58,298,2025-01-15
616,U259,791.0,53.82436706635323,5.0,308,72,799,2025-07-30
617,U023,274.0,51.565728932173386,11.0,266,29,635,2025-02-17
618,U053,931.0,1.5785103716713618,14.0,273,92,248,2025-03-27
619,U165,28.0,8.409570645249076,7.0,370,6,142,2025-05-29
620,U202,914.0,96.92277821462503,3.0,-5,16,795,2025-07-07
621,U083,568.0,15.133542143024783,14.0,218,20,175,2025-11-02
622,U145,416.0,97.51973297894047,19.0,330,80,383,2025-05-31
623,U085,-15.0,48.51039771766897,16.0,67,71,382,2025-05-21
624,U078,210.0,4.936795177033083,12.0,65,78,814,2025-03-10
625,U001,326.0,0.9232423029062247,17.0,209,43,487,2025-09-17
626,U051,13.0,12.9750477776314,1.0,24,26,764,2025-11-30
627,U173,202.0,91.82010630278694,12.0,429,90,488,2025-01-09
628,U205,643.0,35.55652467610495,12.0,254,78,841,2025-05-01
629,U260,487.0,33.49776947922058,14.0,-44,71,659,2025-04-11
630,U288,886.0,24.45268871771914,19.0,315,33,600,2025-05-29
631,U034,244.0,6.1768035623247215,9.0,472,26,691,2025-05-26
632,U095,713.0,43.66363169116471,2.0,297,45,644,2025-12-19
633,U072,700.0,4.305256076225255,18.0,387,84,697,2025-08-31
634,U039,924.0,81.90282600205603,2.0,164,63,309,2025-08-29
635,U154,976.0,30.74366849028371,13.0,378,67,91,2025-12-03
636,U250,992.0,31.2283924559976,7.0,447,52,96,2025-02-12
637,U162,260.0,42.140707133147146,3.0,489,68,234,2025-04-05
638,U118,909.0,38.854048448232675,19.0,316,26,25,2025-08-14
639,U259,603.0,99.43437703652538,10.0,262,75,831,2025-01-06
640,U268,,49.99192333401328,10.0,487,2,367,2025-08-02
641,U054,587.0,-0.297812583114224,10.0,3,14,172,2025-07-25
642,U236,680.0,56.7565075734623,1.0,490,30,619,2025-03-08
643,U222,484.0,6.674272215686795,16.0,416,49,677,2025-04-10
644,U251,488.0,-6.596859079552383,8.0,113,12,523,2025-01-12
645,U112,388.0,96.78163690449729,1.0,283,90,359,2025-08-25
646,U255,,75.08927806880203,14.0,496,44,918,2025-11-18
647,U207,393.0,97.81198916551436,15.0,297,33,690,2025-09-15
648,U229,-82.0,42.56662928244667,3.0,222,13,473,2025-12-03
649,U066,296.0,48.54832842638737,7.0,363,78,836,2025-05-15
650,U075,900.0,8.517065151104326,8.0,449,88,846,2025-08-10
651,U103,750.0,17.159816933434413,4.0,42,98,384,2025-06-05
652,U192,721.0,82.2404136393111,15.0,28,26,101,2025-05-22
653,U252,354.0,29.180421182935355,12.0,166,21,190,2025-06-07
654,U226,624.0,80.94964711760609,6.0,307,28,752,2025-11-22
655,U294,988.0,67.9915096715735,19.0,456,48,310,2025-12-10
656,U098,999.0,9.488801779905206,16.0,130,40,669,2025-09-19
657,U286,610.0,45.819100273171635,2.0,195,66,801,2025-10-10
658,U249,42.0,64.51260536705885,4.0,193,73,198,2025-12-04
659,U166,816.0,15.854093628420763,18.0,455,87,868,2025-12-10
660,U030,727.0,81.37573615720845,11.0,371,79,871,2025-08-17
661,U247,504.0,49.93104232997055,6.0,269,77,323,2025-10-07
662,U106,204.0,8.176625548686353,8.0,36,23,502,2025-12-24
663,U051,635.0,54.128286878106266,5.0,166,81,932,2025-10-17
664,U081,190.0,99.96851845715055,16.0,439,48,931,2025-06-17
665,U133,1.0,6.557364082975489,15.0,468,2,137,2025-02-16
666,U285,766.0,79.84326231314809,2.0,227,84,528,2025-07-22
667,U138,867.0,12.803990350631377,3.0,118,20,435,2025-08-02
668,U184,873.0,76.0627162406096,9.0,279,59,568,2025-09-03
669,U273,741.0,70.80357154335546,4.0,390,46,574,2025-01-24
670,U069,861.0,23.053832416047563,9.0,340,3,196,2025-11-17
671,U034,841.0,25.840542932089477,11.0,445,55,559,2025-10-01
672,U262,926.0,77.17735311592111,9.0,330,12,462,2025-02-13
673,U053,-16.0,40.75900630760439,12.0,255,40,480,2025-11-28
674,U205,227.0,70.38998315829896,10.0,462,66,997,2025-11-09
675,U126,,6.278256210241825,15.0,137,78,747,2025-12-29
676,U235,353.0,83.78135600917089,7.0,465,16,574,2025-06-05
677,U043,528.0,68.1973188350551,7.0,376,83,920,2025-07-18
678,U240,564.0,89.76370897183173,7.0,451,34,233,2025-06-11
679,U111,-89.0,4.56096169384697,12.0,209,44,163,2025-08-22
680,U249,203.0,55.23159503966575,1.0,462,6,569,2025-06-12
681,U151,874.0,55.90326435443576,11.0,20,77,360,2025-04-26
682,U183,682.0,28.88068146014607,9.0,427,64,156,2025-04-03
683,U095,-58.0,40.43130670261836,11.0,127,22,914,2025-02-11
684,U008,843.0,-5.822028038116118,10.0,406,18,585,2025-10-11
685,U184,242.0,72.04460424897132,14.0,138,12,358,2025-07-29
686,U281,397.0,50.42547273434914,15.0,240,52,191,2025-07-25
687,U195,263.0,-3.648484294390885,16.0,469,94,646,2025-08-08
688,U195,790.0,64.88314822565341,1.0,241,51,188,2025-10-07
689,U155,326.0,41.34602849543067,17.0,232,71,48,2025-05-16
690,U093,904.0,-6.20926146325,11.0,493,96,781,2025-04-16
691,U160,-80.0,96.65684995329049,18.0,326,48,903,2025-04-28
692,U061,306.0,94.40233573983845,17.0,105,19,12,2025-08-25
693,U122,518.0,46.41926577619173,16.0,457,6,73,2025-11-05
694,U051,914.0,0.3039662776501224,5.0,362,84,38,2025-04-10
695,U277,235.0,73.0083343758451,14.0,477,27,381,2025-09-18
696,U005,298.0,44.1124210116302,2.0,304,53,532,2025-11-01
697,U092,692.0,23.269222611831786,5.0,136,48,106,2025-12-20
698,U170,614.0,44.05599952814124,2.0,-20,7,879,2025-10-13
699,U022,-50.0,47.46885599460109,0.0,209,59,451,2025-11-24
700,U001,223.0,51.898286892457314,12.0,370,69,212,2025-04-13
701,U133,688.0,38.534608502085916,13.0,478,11,420,2025-03-04
702,U233,40.0,56.63308334529623,12.0,253,15,30,2025-06-24
703,U012,369.0,91.06081816670151,3.0,-12,64,560,2025-10-09
704,U046,686.0,29.849489580845024,6.0,438,3,744,2025-10-20
705,U034,863.0,69.8288109541944,9.0,491,69,111,2025-08-14
706,U078,907.0,88.38978125066554,6.0,227,23,55,2025-01-07
707,U218,272.0,40.15772033359306,14.0,152,53,75,2025-05-07
708,U073,393.0,38.780142002009455,14.0,15,37,612,2025-04-02
709,U282,650.0,56.232868389025754,3.0,57,9,173,2025-07-09
710,U249,190.0,55.054743536473694,5.0,217,15,980,2025-12-25
711,U047,5.0,78.72482765589046,19.0,171,3,120,2025-02-22
712,U121,569.0,42.41317221561219,4.0,479,93,347,2025-08-30
713,U214,-99.0,99.57352446033853,19.0,39,70,132,2025-05-12
714,U239,488.0,-3.4581274245991143,11.0,204,17,714,2025-12-30
715,U056,543.0,-9.65153665612281,0.0,404,26,456,2025-04-22
716,U107,-11.0,60.42181427155862,7.0,202,21,620,2025-01-07
717,U048,249.0,22.827840359806437,0.0,206,72,300,2025-08-18
718,U061,962.0,16.44206275694322,4.0,332,21,680,2025-06-05
719,U026,808.0,24.30889880047085,5.0,391,11,421,2025-07-16
720,U292,58.0,18.165232161544974,2.0,39,38,624,2025-11-19
721,U257,858.0,-6.613094537350737,14.0,339,72,906,2025-12-30
722,U008,211.0,96.86863466296475,4.0,-7,88,290,2025-08-11
723,U113,344.0,14.282003729805993,13.0,-32,35,52,2025-09-07
724,U253,197.0,70.7432738848237,17.0,50,14,495,2025-03-24
725,U180,851.0,73.88560341635929,15.0,306,14,605,2025-08-28
726,U207,,92.21831378079523,5.0,491,10,972,2025-12-26
727,U127,458.0,-6.639559719728203,13.0,-18,12,712,2025-11-19
728,U056,790.0,85.92531722917084,7.0,178,38,60,2025-09-20
729,U214,40.0,47.99487989237802,6.0,473,34,907,2025-07-08
730,U014,786.0,59.57985209624107,7.0,104,41,219,2025-10-17
731,U028,625.0,60.89173048331371,,372,10,135,2025-12-28
732,U078,949.0,80.17775854832003,5.0,195,17,501,2025-02-27
733,U216,420.0,26.674805437502158,17.0,354,17,518,2025-01-09
734,U154,-91.0,70.63563088459928,1.0,490,67,969,2025-10-31
735,U014,883.0,48.14359206944168,7.0,110,62,979,2025-04-25
736,U187,277.0,77.27334157358825,10.0,66,95,590,2025-07-29
737,U007,581.0,98.96006360471468,0.0,220,1,786,2025-02-10
738,U003,483.0,12.071611914413737,5.0,436,12,267,2025-10-31
739,U111,51.0,99.41135057159977,15.0,121,4,939,2025-06-22
740,U238,619.0,-0.12066302889486025,19.0,223,42,197,2025-08-22
741,U239,972.0,-9.745069730470474,11.0,208,13,239,2025-10-08
742,U274,758.0,-5.142187020438561,10.0,84,98,198,2025-03-19
743,U294,-51.0,27.596064521043786,9.0,371,85,424,2025-04-18
744,U227,563.0,59.61969637462775,2.0,370,86,19,2025-10-08
745,U015,430.0,-2.406750502336541,12.0,135,4,123,2025-02-08
746,U192,983.0,-9.3767604017476,2.0,313,82,85,2025-04-29
747,U119,756.0,93.08001313046742,14.0,327,69,685,2025-12-01
748,U028,45.0,80.41192995339226,15.0,472,19,511,2025-12-02
749,U202,814.0,79.01014882529341,12.0,145,2,94,2025-01-27
750,U039,892.0,87.28667030521748,16.0,47,12,58,2025-04-14
751,U273,141.0,67.00377000493148,2.0,-29,81,504,2025-03-15
752,U231,480.0,1.4844542722889589,19.0,399,74,847,2025-07-10
753,U086,586.0,33.90102068810953,10.0,121,98,698,2025-11-20
754,U126,382.0,69.54644351110925,18.0,332,6,396,2025-05-27
755,U025,572.0,20.8367906870673,10.0,83,8,979,2025-09-12
756,U145,530.0,65.61470005498613,15.0,375,51,398,2025-10-11
757,U013,560.0,-7.305170690558241,2.0,-26,11,227,2025-08-01
758,U212,561.0,23.675107496755253,5.0,452,63,710,2025-05-03
759,U025,704.0,50.40433699048899,13.0,134,57,990,2025-07-25
760,U068,318.0,59.52988124568665,17.0,34,12,355,2025-08-28
761,U067,887.0,53.47447309081019,16.0,93,73,239,2025-12-05
762,U233,549.0,66.75319036807724,3.0,361,2,264,2025-10-13
763,U109,868.0,-9.330237693617702,14.0,173,8,245,2025-01-22
764,U146,489.0,,10.0,169,11,35,2025-09-16
765,U111,408.0,,2.0,128,53,593,2025-12-23
766,U228,340.0,64.99235084991774,2.0,382,10,270,2025-04-15
767,U111,820.0,2.4224806954612426,15.0,214,85,775,2025-09-15
768,U034,669.0,82.62818811384372,4.0,378,84,280,2025-07-23
769,U111,162.0,16.64543396070236,9.0,365,8,132,2025-11-06
770,U264,536.0,42.60858726147458,18.0,402,36,665,2025-09-19
771,U236,358.0,5.971616417312632,3.0,146,93,266,2025-04-17
772,U083,898.0,68.11210620638774,18.0,2,76,665,2025-09-08
773,U042,599.0,63.35398631156946,10.0,429,14,430,2025-08-09
774,U101,201.0,13.22237182827498,1.0,392,54,268,2025-08-10
775,U006,453.0,84.9740843542702,9.0,279,85,957,2025-09-15
776,U180,187.0,34.14366266416834,10.0,200,86,56,2025-07-20
777,U282,520.0,22.1766600177816,19.0,72,21,872,2025-09-15
778,U226,905.0,6.756254841098901,15.0,336,50,534,2025-12-15
779,U229,-65.0,19.27848137670912,18.0,288,94,897,2025-08-13
780,U289,643.0,-7.5770386653801305,10.0,297,39,217,2025-07-21
781,U150,252.0,54.15832417017272,13.0,-22,20,320,2025-08-14
782,U277,-28.0,82.64538209783427,1.0,-16,88,756,2025-08-24
783,U198,547.0,50.3878494385806,4.0,467,87,158,2025-07-02
784,U070,993.0,14.12013581162633,4.0,345,7,843,2025-07-19
785,U112,324.0,-6.296390396474001,18.0,243,9,447,2025-12-23
786,U004,898.0,13.609088058468313,11.0,298,1,164,2025-09-03
787,U095,607.0,35.77335708782015,17.0,96,26,687,2025-12-19
788,U152,460.0,73.55725715697761,3.0,16,38,99,2025-04-21
789,U137,727.0,10.662713779155151,16.0,469,38,707,2025-01-06
790,U247,855.0,69.17705986901547,9.0,71,61,839,2025-08-24
791,U243,416.0,85.3626815187072,19.0,289,44,367,2025-05-07
792,U031,327.0,39.93415329191927,5.0,124,86,183,2025-04-14
793,U040,59.0,80.35751908068526,13.0,400,44,226,2025-08-25
794,U229,48.0,51.01230828386051,10.0,85,74,916,2025-06-04
795,U036,675.0,60.07999207889955,10.0,-35,62,465,2025-09-14
796,U223,-34.0,47.89063063720229,17.0,282,6,785,2025-08-23
797,U006,913.0,40.94899884264759,17.0,144,17,618,2025-10-16
798,U220,280.0,15.81187859534343,10.0,445,51,638,2025-02-09
799,U075,-43.0,23.351346540715063,11.0,-42,38,208,2025-10-15
800,U004,241.0,21.896713083796993,4.0,283,24,841,2025-07-16
801,U134,626.0,51.96178240491962,8.0,282,51,495,2025-09-30
802,U118,669.0,3.1949062326278916,8.0,276,10,542,2025-09-21
803,U094,513.0,90.84708597725687,9.0,-36,72,209,2025-02-26
804,U062,253.0,69.27206598114246,18.0,175,21,380,2025-10-25
805,U194,15.0,34.1590194004513,0.0,374,70,968,2025-04-08
806,U203,561.0,7.448655897901578,6.0,357,85,862,2025-05-17
807,U026,352.0,87.01913866937994,3.0,62,57,457,2025-03-28
808,U173,186.0,80.61558991112817,0.0,377,39,257,2025-08-30
809,U133,916.0,69.38937079888973,14.0,-50,88,797,2025-07-18
810,U118,210.0,19.87017521523666,7.0,215,33,273,2025-11-06
811,U275,107.0,34.26913011770358,11.0,440,59,67,2025-03-25
812,U212,517.0,1.3023077697665695,17.0,157,18,311,2025-08-30
813,U225,345.0,10.79434772002849,14.0,318,56,40,2025-10-08
814,U020,569.0,76.13183010484062,16.0,255,92,507,2025-11-19
815,U113,532.0,68.65425907357522,13.0,-39,57,258,2025-09-09
816,U140,-46.0,55.28343392735282,13.0,294,96,614,2025-07-09
817,U047,811.0,88.52993985187902,17.0,414,76,786,2025-06-01
818,U001,935.0,54.15931695943499,19.0,443,48,280,2025-10-29
819,U090,556.0,41.36647999599718,17.0,317,42,615,2025-10-05
820,U142,,27.4407820936339,15.0,369,27,675,2025-05-19
821,U038,414.0,93.44933563097898,0.0,120,74,403,2025-06-25
822,U293,136.0,-0.9012992323211151,10.0,83,52,806,2025-01-08
823,U139,247.0,92.39761092668893,14.0,376,42,511,2025-10-22
824,U259,526.0,80.93861259241201,11.0,-26,32,601,2025-08-23
825,U161,529.0,4.2922916989271425,7.0,479,26,813,2025-06-12
826,U178,263.0,52.148279344277896,19.0,139,25,93,2025-02-18
827,U010,220.0,85.32027799239955,5.0,90,75,374,2025-10-29
828,U261,185.0,52.89900799678691,2.0,264,23,895,2025-02-07
829,U138,48.0,89.79198037166846,12.0,393,98,558,2025-05-16
830,U172,305.0,93.72821984976467,12.0,268,57,351,2025-11-06
831,U013,877.0,36.462297440273645,1.0,390,52,848,2025-08-07
832,U168,355.0,31.504502754695594,4.0,41,87,416,2025-12-14
833,U130,699.0,92.99532693660726,16.0,128,93,434,2025-10-23
834,U084,912.0,64.26540672646348,5.0,5,31,753,2025-02-03
835,U101,683.0,2.762494948298622,1.0,104,64,102,2025-12-18
836,U273,359.0,-5.347907585505069,3.0,60,71,857,2025-03-20
837,U265,637.0,52.10919560969894,,86,33,623,2025-08-24
838,U038,408.0,92.31880619822671,7.0,181,85,421,2025-09-30
839,U094,380.0,82.86735726464002,11.0,417,2,441,2025-06-10
840,U095,13.0,64.343252111077,7.0,430,18,687,2025-06-24
841,U069,648.0,5.302743378019628,10.0,17,47,168,2025-11-04
842,U236,260.0,17.965452212356514,19.0,198,33,23,2025-08-09
843,U137,240.0,86.30623492078777,7.0,272,98,382,2025-01-09
844,U076,669.0,10.10879603225905,7.0,467,84,234,2025-10-16
845,U035,660.0,20.628334907547803,16.0,381,35,514,2025-04-23
846,U001,868.0,4.256071631498614,19.0,436,51,82,2025-07-24
847,U296,348.0,64.37190545558522,19.0,378,18,258,2025-07-05
848,U060,734.0,93.83805358995305,15.0,218,88,520,2025-12-07
849,U267,210.0,19.586483475492457,13.0,486,72,612,2025-07-16
850,U229,161.0,42.29472686350811,10.0,97,30,225,2025-09-23
851,U270,305.0,59.777371368232465,6.0,67,44,982,2025-09-19
852,U286,42.0,99.94128730371938,15.0,316,53,611,2025-09-05
853,U291,241.0,1.5288871497329328,12.0,15,10,550,2025-04-25
854,U213,143.0,44.842787945628004,14.0,319,87,956,2025-05-01
855,U165,389.0,32.36321318927501,15.0,124,52,826,2025-05-21
856,U005,-89.0,85.24021817445907,8.0,444,49,948,2025-03-06
857,U078,460.0,42.35645041128215,2.0,63,11,997,2025-10-03
858,U062,-59.0,2.2075277043662904,18.0,60,66,229,2025-11-09
859,U132,577.0,59.786655981524206,19.0,388,58,849,2025-08-27
860,U089,493.0,74.78586800902677,4.0,96,90,736,2025-10-29
861,U237,33.0,-9.683062316782395,9.0,-16,36,230,2025-01-10
862,U042,990.0,84.48523539626925,16.0,258,33,398,2025-08-21
863,U089,930.0,10.462530000623218,14.0,487,47,563,2025-07-14
864,U296,847.0,50.72763011187156,7.0,-37,13,656,2025-01-12
865,U295,-28.0,35.737725075619515,14.0,323,40,51,2025-06-26
866,U104,,69.16191982715834,13.0,377,89,685,2025-06-26
867,U014,477.0,30.827777626431605,19.0,182,68,882,2025-08-05
868,U288,758.0,85.67394943498819,6.0,389,42,292,2025-01-11
869,U179,29.0,70.35459970546692,11.0,451,19,67,2025-04-28
870,U125,830.0,61.24844881692137,16.0,224,82,823,2025-06-13
871,U023,165.0,77.58646551191397,16.0,25,94,843,2025-02-08
872,U063,692.0,72.94253384212205,9.0,388,19,546,2025-02-22
873,U143,152.0,-6.046745758629132,18.0,238,58,82,2025-08-06
874,U153,721.0,33.42077892293109,13.0,489,23,894,2025-07-25
875,U145,63.0,92.38880270481388,10.0,202,54,932,2025-11-08
876,U225,-6.0,3.829669589144885,1.0,75,80,138,2025-12-26
877,U104,732.0,71.08062054752564,17.0,126,65,608,2025-02-25
878,U104,235.0,97.20509924688626,6.0,-14,12,851,2025-04-28
879,U039,721.0,-4.25815080505312,11.0,359,24,435,2025-09-10
880,U198,137.0,65.04132686892716,1.0,76,34,957,2025-10-13
881,U134,280.0,41.496955543113344,19.0,432,53,674,2025-09-25
882,U067,798.0,53.70927809121944,17.0,117,8,703,2025-10-18
883,U179,382.0,-0.6124529867242661,5.0,243,18,134,2025-11-29
884,U042,801.0,-5.269235294636657,9.0,292,57,76,2025-06-29
885,U015,948.0,63.35533266060139,19.0,259,5,15,2025-12-24
886,U111,381.0,80.56403728027897,14.0,477,26,646,2025-08-23
887,U157,816.0,76.0216868426264,4.0,489,30,323,2025-12-09
888,U289,893.0,49.818630065286115,19.0,368,54,335,2025-07-15
889,U231,863.0,0.9853503249795992,2.0,393,13,574,2025-11-04
890,U157,436.0,65.68488882196152,4.0,185,83,587,2025-03-21
891,U038,935.0,16.607777190956053,7.0,388,29,835,2025-05-15
892,U097,27.0,90.2175573044122,7.0,163,3,515,2025-01-22
893,U289,-9.0,82.20918955002755,7.0,34,90,91,2025-11-27
894,U254,442.0,68.032126379613,11.0,34,58,608,2025-08-13
895,U196,745.0,94.37305514142435,7.0,438,76,11,2025-02-27
896,U086,888.0,-6.543599633759978,10.0,14,2,213,2025-04-03
897,U010,346.0,70.98204675668381,13.0,13,75,671,2025-07-11
898,U005,289.0,26.326705727004587,7.0,292,28,814,2025-04-13
899,U123,571.0,89.66724742550018,9.0,301,82,413,2025-01-07
900,U118,-58.0,19.334271632817533,6.0,107,77,112,2025-05-08
901,U294,153.0,69.73421492465188,16.0,440,86,545,2025-02-24
902,U159,983.0,86.54117216158595,3.0,412,76,377,2025-08-19
903,U228,562.0,-5.417749977904933,12.0,174,2,221,2025-12-28
904,U216,366.0,33.74123375512397,3.0,262,7,586,2025-03-03
905,U184,186.0,73.85399352241325,4.0,415,26,970,2025-08-28
906,U015,910.0,40.04107784583458,3.0,37,90,218,2025-03-31
907,U157,677.0,19.397789277295484,17.0,252,88,772,2025-08-20
908,U136,244.0,14.178588370550901,5.0,384,76,906,2025-08-21
909,U261,541.0,4.467009360801571,1.0,84,16,126,2025-12-20
910,U157,281.0,84.28425158419105,10.0,-1,23,637,2025-11-29
911,U047,589.0,53.28909435767116,13.0,381,40,758,2025-10-19
912,U173,979.0,-1.5976560509398414,4.0,289,60,487,2025-12-11
913,U130,356.0,32.083835592769894,5.0,296,73,114,2025-06-01
914,U095,882.0,30.45070158856209,9.0,296,32,504,2025-05-25
915,U115,-18.0,9.991310978040929,7.0,194,15,780,2025-05-10
916,U243,48.0,37.90583880194097,13.0,58,13,55,2025-05-21
917,U292,,26.530930193245013,2.0,482,5,832,2025-04-03
918,U282,782.0,27.59840760414008,11.0,39,75,340,2025-04-24
919,U299,162.0,71.29292135667545,15.0,245,74,225,2025-10-11
920,U283,299.0,14.558972405571595,16.0,61,52,991,2025-05-23
921,U069,663.0,60.604595474089095,0.0,126,77,969,2025-08-11
922,U148,508.0,52.771458626902835,9.0,292,41,501,2025-08-20
923,U011,684.0,52.4901763571654,9.0,50,53,822,2025-02-02
924,U254,0.0,62.93080807559535,1.0,350,50,931,2025-10-03
925,U038,719.0,50.32202398152194,8.0,-23,15,854,2025-06-19
926,U134,719.0,86.7180626331023,12.0,486,7,458,2025-05-20
927,U200,319.0,64.31381011452858,15.0,7,40,545,2025-12-23
928,U023,23.0,50.1659576508527,17.0,447,28,520,2025-07-20
929,U218,321.0,81.27394323164094,,246,32,467,2025-01-23
930,U141,986.0,56.67612214268277,11.0,83,99,556,2025-08-12
931,U104,667.0,22.025867256369693,7.0,280,15,545,2025-09-27
932,U210,382.0,12.780440999422833,16.0,198,85,549,2025-12-13
933,U111,418.0,6.756056422894666,14.0,499,70,493,2025-06-02
934,U104,54.0,88.94007338007118,9.0,24,65,985,2025-11-29
935,U171,-9.0,68.11489749778724,14.0,117,4,25,2025-03-26
936,U133,881.0,93.11162819807528,14.0,452,11,580,2025-04-19
937,U293,354.0,56.362098628643736,6.0,304,26,986,2025-01-31
938,U127,497.0,42.07409696444038,12.0,174,61,252,2025-08-17
939,U106,409.0,-3.4311862132021744,16.0,480,37,959,2025-08-28
940,U092,285.0,63.88065097006327,8.0,95,23,216,2025-12-29
941,U287,304.0,54.04296357450542,7.0,190,93,921,2025-11-06
942,U051,145.0,98.92297829463836,19.0,293,85,280,2025-05-21
943,U029,641.0,16.307465556046733,17.0,-16,91,770,2025-06-05
944,U296,560.0,48.38110908155194,12.0,-50,40,788,2025-10-26
945,U297,549.0,61.60530686298799,15.0,102,77,714,2025-12-11
946,U214,800.0,60.9050292216578,8.0,378,23,856,2025-04-09
947,U267,-36.0,51.7422897243243,11.0,457,16,739,2025-02-16
948,U257,936.0,75.46208113599481,11.0,75,94,124,2025-11-23
949,U101,,12.547933047949805,5.0,440,61,589,2025-03-08
950,U110,141.0,69.81899203018574,18.0,431,68,308,2025-03-03
951,U182,392.0,58.17080285763981,6.0,294,80,846,2025-04-19
952,U001,237.0,88.56826229740307,2.0,170,31,492,2025-06-16
953,U055,72.0,83.19138829369399,15.0,-26,53,406,2025-02-06
954,U149,571.0,24.666174304580856,17.0,477,25,403,2025-04-29
955,U137,63.0,20.38610574726684,15.0,131,44,84,2025-03-27
956,U202,364.0,97.98186562376927,6.0,448,12,987,2025-02-21
957,U117,894.0,47.99916990067822,3.0,-9,90,491,2025-04-01
958,U154,396.0,89.70630603058805,7.0,430,97,112,2025-10-16
959,U291,599.0,8.026912615853043,12.0,388,92,306,2025-12-03
960,U063,294.0,60.71008062801917,12.0,351,9,187,2025-10-25
961,U244,602.0,79.08462060966448,16.0,495,12,224,2025-07-23
962,U025,207.0,94.21347745450915,16.0,294,69,976,2025-08-26
963,U090,82.0,27.10741551187258,4.0,-6,54,324,2025-06-04
964,U075,528.0,69.74792869164577,5.0,-30,54,48,2025-08-28
965,U294,409.0,49.269430994358096,18.0,19,28,268,2025-05-16
966,U210,445.0,-3.330818132688499,12.0,-3,56,725,2025-12-28
967,U017,523.0,65.89997110398377,13.0,440,99,16,2025-03-05
968,U128,493.0,65.91062140616278,3.0,236,69,58,2025-05-03
969,U251,643.0,92.36674853311908,6.0,-41,98,547,2025-09-11
970,U179,453.0,44.704369078586964,7.0,491,98,170,2025-04-24
971,U182,-80.0,15.327601278156614,12.0,223,77,878,2025-01-20
972,U152,453.0,-5.097979420645293,5.0,330,58,185,2025-01-16
973,U025,296.0,35.720640535449625,5.0,278,78,600,2025-05-25
974,U180,524.0,23.210837008525203,2.0,428,75,11,2025-07-27
975,U198,4.0,73.7197136626263,2.0,-36,42,904,2025-01-19
976,U161,91.0,28.969454132515125,12.0,465,38,464,2025-06-15
977,U177,-84.0,,1.0,140,68,937,2025-02-07
978,U285,292.0,95.85412232865627,15.0,117,53,653,2025-06-30
979,U063,324.0,58.29994492394789,5.0,470,33,285,2025-12-15
980,U150,28.0,92.15263157163712,7.0,86,71,507,2025-04-15
981,U154,471.0,73.69397789659452,7.0,103,56,638,2025-04-10
982,U156,-72.0,50.15456050726388,5.0,337,72,685,2025-03-31
983,U049,933.0,9.833872896505593,13.0,158,51,809,2025-10-27
984,U084,141.0,40.445773786522395,2.0,221,74,37,2025-11-28
985,U177,131.0,51.69619096988794,9.0,92,43,342,2025-03-20
986,U148,688.0,85.03577388085112,2.0,18,15,10,2025-03-14
987,U118,614.0,42.94667141892314,11.0,196,38,197,2025-06-25
988,U063,658.0,88.74421399457523,16.0,210,15,65,2025-04-06
989,U189,701.0,64.17838769258158,4.0,28,5,556,2025-12-11
990,U049,,5.069896935903852,19.0,474,93,121,2025-04-13
991,U257,625.0,99.44795062576023,8.0,279,83,807,2025-08-12
992,U224,99.0,47.995592682930386,19.0,138,54,319,2025-01-06
993,U141,844.0,33.10441260499868,6.0,44,51,45,2025-05-02
994,U215,-22.0,62.50251409164791,3.0,-43,10,448,2025-08-24
995,U211,855.0,1.9782645379142991,12.0,16,12,738,2025-04-26
996,U032,755.0,60.01925114286898,,445,4,601,2025-06-12
997,U158,366.0,44.80596005492003,9.0,140,95,835,2025-08-14
998,U285,480.0,34.734147699844144,17.0,315,18,604,2025-08-18
999,U286,839.0,94.8322023296789,16.0,470,80,586,2025-07-01
1000,U144,348.0,47.47936884052586,,66,36,334,2025-09-06
511,U194,-8.0,33.64765317949481,11.0,403,63,150,2025-01-16
366,U096,930.0,71.363843079944,8.0,12,52,593,2025-08-02
609,U177,394.0,32.446195318462756,13.0,181,1,378,2025-03-19
713,U214,-99.0,99.57352446033853,19.0,39,70,132,2025-05-12
849,U267,210.0,19.586483475492457,13.0,486,72,612,2025-07-16
36,U167,368.0,25.443705378909115,4.0,257,92,176,2025-01-02
562,U054,-35.0,8.903332945980395,17.0,142,20,526,2025-10-09
483,U144,794.0,19.872564122614385,4.0,109,97,979,2025-08-26
968,U128,493.0,65.91062140616278,3.0,236,69,58,2025-05-03
818,U001,935.0,54.15931695943499,19.0,443,48,280,2025-10-29
